"ID","Question","Option1","Option2","Option3","Option4","Answer","Explanation"
1,"A社がB社に作業の一部を請負契約で委託している。 作業形態a〜cのうち,いわゆる偽装請負とみなされる状態だけを全て挙げたものはどれか。 a B社の従業員が, A 社内において, A社の責任者の指揮命令の下で,請負契約で取り決めた作業を行っている。 b B社の従業員が, A 社内において, B社の責任者の指揮命令の下で,請負契約で取り決めた作業を行っている。 c B社の従業員が, B 社内において, A社の責任者の指揮命令の下で,請負契約で取り決めた作業を行っている。","ア a","イ a, b","ウ a, c","エ b, c",3,"（解説なし）"
2,"従来の情報セキュリティマネジメントシステム規格を基礎に追加で制定されたもので,クラウドサービスに対応した情報セキュリティ管理体制を構築するためのガイドライン規格として, 最も適切なものはどれか。","ア ISO 14001","イ JIS Q 15001","ウ ISO/IEC 27017","エ ISO 9001",3,"（解説なし）"
3,"政府は, 官民データ活用推進基本法に定められた “官民データ活用推進基本計画”を策定し,官民データの公開や活用の促進に取り組んでいる。 次の組織体のうち、官民データを所有しているものだけを全て挙げたものはどれか。 a 県庁 b 大学 C 電力事業者 d 独立行政法人","ア a, b, c","イ a,b,c,d","ウ a, b, d","エ a, c, d",2,"（解説なし）"
4,"投資の優先度などの経営の戦略を策定するために, 経済価値, 希少性, 模倣困難性及び組織の四つの要素で評価することによって, 自社のもつ資源を分析する手法として, 最も適切なものはどれか。","ア 4P","イ PPM","ウ SWOT 分析","エ VRIO 分析",4,"（解説なし）"
5,"A社ではB商品の仕入れと販売を行っている。 ある期のB商品の仕入単価は期首から上昇し続け,期末が最も高くなった。 当該期の売上原価を “期首棚卸高+当期商品仕入高一期末棚卸高” で計算するとき, 期末棚卸高の計算に期末の仕入単価を用いると, B 商品の期末棚卸高及び売上原価は, 期中の仕入単価の平均値を用いる場合に比べてどのようになるか。","ア 期末棚卸高, 売上原価ともに上がる。","イ 期末棚卸高, 売上原価ともに変わらない。","ウ 期末棚卸高は上がり, 売上原価は下がる。","エ 期末棚卸高は下がり, 売上原価は上がる。",3,"（解説なし）"
6,"特定電子メール法は,電子メールによる一方的な広告宣伝メールの送信を規制する法律である。 企業担当者が行った次の電子メールの送信事例のうち, 特定電子メール法の規制対象となり得るものはどれか。","ア 広告宣伝メールの受信を拒否する旨の意思表示がないことを確認したのち,公表されている企業のメールアドレス宛てに広告宣伝メールを送信した。","イ 受信者から拒否通知があった場合には,それ以降の送信を禁止すればよいと考え、広告宣伝メールを送信した。","ウ 内容は事務連絡と料金請求なので問題ないと考え, 受信者本人の同意なく, メールを送信した。","エ 長年の取引関係にある企業担当者に対して,これまで納入してきた製品の新バージョンが完成したので, その製品に関する広告宣伝メールを送信した。",2,"（解説なし）"
7,"新しい概念やアイディアの実証を目的とした, 開発の前段階における検証を表す用語はどれか。","ア CRM","イ PoC","ウ RAS","エ SLA",2,"（解説なし）"
8,"AI の機械学習で利用するデータの取扱いに関する記述のうち, バイアスの低減やデータの品質を確保するために考えられる対策として, 適切なものだけを全て挙げたものはどれか。 a 学習の目的に適したデータであることを確認する。 b データの入手元 作成来歴を確認する。 c データへのアノテーションの付与は学習目的に合わせて実施する。 d 人間の目でも同定が困難と考えられる画像認識用のデータは除外する。","ア a, b","イ a, b, c,d","ウ a, d","エ b, c, d",2,"（解説なし）"
9,"ハッカソンに関する記述として, 最も適切なものはどれか。","ア 定められたルールの下, ある主題について, 肯定派と否定派といった異なる立場に分かれて議論する。","イ 情報セキュリティ分野で活躍したいという意志をもった若者が, 合宿形式で情報セキュリティに関する実践的な知識を学ぶ。","ウ プログラマーやデザイナーなどから成る複数の参加チームが, 与えられたテーマに関するプロトタイプを短期間で作成し,その成果を発表して競い合う。","エ 問題解決や利用者獲得などゲーム的な要素のない分野に, デジタル技術を活用したゲームの要素を取り入れることによって, 利用者の参加を動機づける。",3,"（解説なし）"
10,"生成 AIにおいて, もっともらしいが事実とは異なる内容が出力されることを表す用語として、最も適切なものはどれか。","ア エコーチェンバー","イ シンギュラリティ","ウ ディープフェイク","エ ハルシネーション",4,"（解説なし）"
11,"スマートファクトリーにおいても使用されている, FMS (Flexible Manufacturing System)に関する記述として,最も適切なものはどれか。","ア 技術革新を効果的に自社の経営に取り入れることによって, 企業の成長を図る。","イ 生産工程の各段階で, 原材料から完成製品までの資材の流れを適時・適量に管理する。","ウ 生産時に必要となる部品などを必要な分だけ供給することによって, 生産リードタイムを短縮する。","エ 複数の工作機械や産業用ロボットなどを有機的に結合し,生産プロセス全体を統括的に制御 管理する。",4,"（解説なし）"
12,"商標法におけるサービスマークを説明したものはどれか。","ア 企業が, 企業そのものを他社と区別するために表示する商標である。","イ 製造業者, 販売業者が提供する商品を, 他社の商品と区別するために表示する商標である。","ウ 大規模小売業者が開発したプライベートブランドの商品を, 他社の商品と区別するために表示する商標である。","エ 輸送業者, 金融業者などが提供する役務を、他社の役務と区別するために表示する商標である。",4,"（解説なし）"
13,"新しい IT ソリューションの活用の是非を判断するために,そのITソリューションの提供者に, 活用事例や技術情報などの提供を依頼する文書として, 最も適切なものはどれか。","ア EDI","イ KPI","ウ RFI","エ RFP",3,"（解説なし）"
14,"事業,経営情報に知財情報を組み込んで分析し, 現状の俯瞰や将来展望などの分析結果を事業責任者,経営者と共有し, 事業戦略又は経営戦略に反映させることを表す用語として,最も適切なものはどれか。","ア CVC (Corporate Venture Capital)","イ IP ランドスケープ (Intellectual Property Landscape)","ウ MOT (Management of Technology)","エ SWOT 分析",2,"（解説なし）"
15,"事業運営における意思決定の迅速化, 組織の独立採算の推進を目的とし、一つの企業の中に事業領域ごとに独立した組織を設置する組織形態はどれか。","ア カンパニー制組織","イ 機能別組織","ウ プロジェクト組織","エ マトリックス組織",1,"（解説なし）"
16,"他人の電子メールの利用者 ID とパスワードの取扱いに関する記述のうち,不正アクセス禁止法で規制されている行為だけを全て挙げたものはどれか。 a 正当な理由なく本人に無断で第三者に提供する。 b 他人の電子メールの利用者IDとパスワードを無効にするマルウェアを作成する。 c 本人に無断で使用して, メールサーバ上の電子メールを閲覧する。","ア a, b, c","イ a, c","ウ b, c","エ c",2,"（解説なし）"
17,"プロセスマイニングに関する記述として,最も適切なものはどれか。","ア 一連の業務で実際に遂行したシステムの操作ログなどを収集し, 現行の業務プロセスの可視化,分析, モニタリングによって業務の課題を特定して改善を図る手法やツールである。","イ 業務プロセスをそれまでの習慣などにとらわれず, 抜本的に再構築して業務効率の改善を図る手法である。","ウ コンタクトセンターへの問合せ内容や SNS の投稿内容の分析などの業務プロセスで用いられる, 膨大な文章データから必要な情報を抽出して分析する手法である。","エ 大量の計算処理で正しい値を算出する一連のプロセスを通じて, 暗号資産を取得する手段である。",1,"（解説なし）"
18,"ITにおけるアクセシビリティに関する記述として, 最も適切なものはどれか。","ア 高齢者や障害者などを含め、 様々な能力や特性をもつ幅広い層の人が等しく利用できるように配慮したソフトウェア製品の設計","イ 顧客データを基に顧客を識別し, コールセンターやインターネットなどの様々なチャネルを用いて顧客との関係を深める手法","ウ 製品, システム, サービスなどにおいて, それらを使用する場面をイメージしたり実際に利用したりすることで得られる人の感じ方や反応","エ 特定のファイルやデータベースなどの情報資産に対し, 参照や更新などの権限の認可や制限を確実にする手段",1,"（解説なし）"
19,"仮想環境を用いた技術であるAR 又は VR の活用事例のうち, VR の活用事例として,最も適切なものはどれか。","ア 顔を覆うように頭部にゴーグルを装着し, そのゴーグル内に投影された仮想空間に広がる火災や地震の映像を見ながら避難方法をイメージすることによって, 防災訓練が行える。","イ 家具をオンラインで購入するときに, スマートフォンのカメラを通して画面に映っている現実の自分の部屋に, 購入したい家具をリアルタイムに重ねて試し置きできる。","ウ 史跡などにスマートフォンを向けることによって, 昔あった建物の画像や説明情報が現実の風景と重なって画面に表示される。","エ 図鑑にスマートフォンをかざすことによって, 図鑑の絵や写真に重なって生物の動画が見られる。",1,"（解説なし）"
20,"ソフトウェアライフサイクルを企画プロセス, 要件定義プロセス,開発プロセス,保守プロセスに分けたとき, 企画プロセスのシステム化構想の立案時にベンダー企業から収集する情報として, 最も適切なものはどれか。","ア システム化計画に基づいた開発コストの見積り","イ システム化する業務の分野に関する情報技術動向","ウ システム構築を進めるに当たっての発注元企業の役割","エ ベンダー企業の技術者が保有している技術資格",2,"（解説なし）"
21,"基本的な機能やサービスは無償で提供し、追加の機能やサービスを有償で提供することで利益を上げるビジネスモデルを表す用語として, 最も適切なものはどれか。","ア フリーウェア","イ フリーミアム","ウ フリーライド","エ フリーランス",2,"（解説なし）"
22,"営業部のAさんは、営業担当者10人の営業成績が一目で分かるように,各営業担当者が提出する営業見込みと実績を毎月集約してグラフ化したいと考えている。この問題を解決するために適用する技術やツールとして, 最も適切なものはどれか。","ア データを学習し, 分析する AI","イ データを自動収集し, データベースに蓄積する IoT","ウ 入力したデータを, 加工して見せるオフィスツール","エ ビッグデータを、 様々な手法で分析するデータサイエンス",3,"（解説なし）"
23,"コーポレートガバナンスの強化に有効な施策だけを全て挙げたものはどれか。 a 株式公開買付けによる企業の買収 b 執行役員制度の導入による経営と執行の分離 c 独立性の高い社外取締役の選任","ア a, b","イ a, b, c","ウ b, c","エ c",3,"（解説なし）"
24,"RPAに関する記述として, 最も適切なものはどれか。","ア 企業の一部の業務を外部の組織に委託することによって, 自社のリソースを重要な領域に集中したり,コストの最適化や業務の高効率化などを実現したりする。","イ 組立てや搬送などにハードウェアのロボットを用いることによって, 工場の生産活動の自動化を実現する。","ウ システムの利用者が, 主体的にシステム管理や運用を行うことによって 利用者のITリテラシーの向上や、システムベンダーへの依存の軽減などを実現する。","エ ホワイトカラーの定型的な事務作業を, ソフトウェアのロボットに代替させることによって, 自動化や効率化を図る。",4,"（解説なし）"
25,"ブロックチェーンを適用した事例として, 最も適切なものはどれか。","ア 証券会社が, 取引の改ざんや不整合の発生を防止することを目的として,従来の社債に代わり電子的手段を用いたデジタル社債を発行した。","イ 商品先物取引所を運営する認可法人が, 取引量を拡大することを目的として, 現在およそ1秒以上要している注文受付の応答時間を, 1秒未満に改善した。","ウ ビジネス路線を中心に運航する航空会社が, 顧客の利便性向上と競合他社に対する競争力強化を目的として, 出発1時間前まで何回でも予約の変更を可能とする新しいサービスを開始した。","エ 服飾雑貨製造会社が, 自社の商品企画に活用することを目的として, 過去の全ての自社商品に関する大量の画像及び社内会議の音声データをデータベースに保存し, 従業員がいつでも検索できるようにした。",1,"（解説なし）"
26,"業務と情報システムを最適にすることを目的として, 業務と情報システムの現状の把握と目標とする理想像の設定から現状と理想との乖離を明確にし, 目標に向けた改善活動を移行計画として定義したい。このときに用いられる手法として, 最も適切なものはどれか。","ア BI (Business Intelligence)","イ EA (Enterprise Architecture)","ウ MOT (Management of Technology)","エ SOA (Service Oriented Architecture)",2,"（解説なし）"
27,"生成 AI に関する記述として, 最も適切なものはどれか。","ア 一切の学習を必要とせずに、 新しいコンテンツを生成する。","イ 過去のデータから項目間の相関などを学習したモデルを用いて, 現在のデータから将来の値を予測して出力する。","ウ 作成したシナリオに基づいて動作するソフトウェアロボットによって業務を自動化する。","エ 自然言語で指示された内容に従って, 事前に学習したデータを基に, 新しいコンテンツを生成する。",4,"（解説なし）"
28,"企業経営の中核となる考え方を, ミッション, ビジョン, バリューの三つに分けて示す場合,ビジョンとして示すものとして, 最も適切なものはどれか。","ア 企業の存在意義や使命","イ 企業の存在意義や使命をふまえた, ある時点でのありたい姿","ウ 戦略を実現するために重要となる業績管理指標","エ 戦略を実現するために重要となる成功要因",2,"（解説なし）"
29,"著作権に関して, 次の記述中の a, b に入れる字句の適切な組合せはどれか。 a は著作権法による保護の対象になるが, b は対象にならない。","ア アルゴリズム 操作マニュアル","イ アルゴリズム 通信プロトコル","ウ ソースプログラム 操作マニュアル","エ ソースプログラム 通信プロトコル",4,"（解説なし）"
30,"ERP システムの説明として、 適切なものはどれか。","ア 企業内の個人がもつ営業に関する知識やノウハウを収集し, 共有することによって,効率的,効果的な営業活動を支援するシステム","イ 経理や人事, 生産, 販売などの基幹業務と関連する情報を一元管理し、 経営資源を最適配分することによって, 効率的な経営の実現を支援するシステム","ウ 原材料の調達から生産, 販売に関する情報を, 企業間で共有・管理することによって,ビジネスプロセスの全体最適を目指すシステム","エ 個々の顧客に関する情報や対応履歴などを管理することによって, きめ細かい顧客対応を実施し, 顧客満足度の向上を支援するシステム",2,"（解説なし）"
31,"公共交通機関での移動履歴, Web サイトでの商品検索履歴, SNSやブログで発信したデータなど, 個人の活動を記録する技術, 又は記録そのものを表す用語として,最も適切なものはどれか。","ア アクティビティ","イ トランザクション","ウ ライフログ","エ レコードキーピング",3,"（解説なし）"
32,"自動運転の水準は,一般的に “レベル1” から “レベル5” に分けられている。“条件付運転自動化” と呼ばれる“レベル3” が示す自動運転の水準に関する記述として,最も適切なものはどれか。","ア 運転の主体はシステムであり, 人間が運転する必要はないが,システムによる自動運転の継続が難しい場合は,人間が運転しなければならない。","イ 運転の主体はシステムであり, 人間が運転する必要はないので,ハンドルやペダルなどの運転装置は不要だが, 自動運転できる地域は限られる。","ウ 運転の主体は人間であり, 高速道路で車線を維持しながら前の自動車に付いて走る機能のように, ハンドルと加減速の操作をシステムが支援する。","エ 運転の主体は人間であり, 自動ブレーキや急発進防止システムのように,前方又は後方の状況によって, システムが運転の一部を支援する。",1,"（解説なし）"
33,"ある商品を5,000個販売したところ, 売上げが6,000万円, 利益が400万円となった。商品1個当たりの変動費が7,000円であるとき, 利益を1,000万円以上にするためには,少なくともあと何個販売すればよいか。","ア 500","イ 1,200","ウ 6,200","エ 7,500",2,"（解説なし）"
34,"マーケティング戦略の策定プロセスのうち, 自社製品の差別化ポイントを明確化するものはどれか。","ア セグメンテーション","イ ターゲティング","ウ プロモーション","エ ポジショニング",4,"（解説なし）"
35,"マーケティングオートメーション (MA) に関する記述として, 最も適切なものはどれか。","ア 企業内に蓄積された大量のデータを分析して, 事業戦略などに有効活用する。","イ 小売業やサービス業において, 販売した商品単位の情報の収集蓄積及び分析を行う。","ウ これまで人間が手作業で行っていた定型業務を, AI や機械学習などを取り入れたソフトウェアのロボットが代行することによって自動化や効率化を図る。","エ 見込み顧客の抽出, 獲得, 育成などの営業活動を効率化する。",4,"（解説なし）"
36,"情報システムに不正に侵入し、サービスを停止させて社会的混乱を生じさせるような行為に対して,国全体で体系的に防御施策を講じるための基本理念を定め、国の責務などを明らかにした法律はどれか。","ア 公益通報者保護法","イ サイバーセキュリティ基本法","ウ 不正アクセス禁止法","エ プロバイダ責任制限法",2,"（解説なし）"
37,"未来のある時点に目標を設定し, そこを起点に現在を振り返り、目標実現のために現在すべきことを考える方法を表す用語として, 最も適切なものはどれか。","ア PoC (Proof of Concept)","イ PoV (Proof of Value)","ウ バックキャスティング","エ フォアキャスティング",3,"（解説なし）"
38,"従来の金融情報システムは堅ろう性が高い一方、柔軟性に欠け、モバイル技術などの情報革新に追従したサービスの迅速な提供が難しかった。 これを踏まえて, インターネット関連技術の取込みやそれらを活用するベンチャー企業と組むなどして, 新たな価値や革新的なサービスを提供していく潮流を表す用語として, 最も適切なものはどれか。","ア オムニチャネル","イ フィンテック","ウ ブロックチェーン","エ ワントゥワンマーケティング",2,"（解説なし）"
39,"ベンチャーキャピタルに関する記述として, 最も適切なものはどれか。","ア 新しい技術の獲得や, 規模の経済性の追求などを目的に、他の企業と共同出資会社を設立する手法","イ 株式売却による利益獲得などを目的に、 新しい製品やサービスを武器に市場に参入しようとする企業に対して出資などを行う企業","ウ 新サービスや技術革新などの創出を目的に、国や学術機関, 他の企業など外部の組織と共創関係を結び, 積極的に技術や資源を交換し、自社に取り込む手法","エ 特定された課題の解決を目的に、 一定の期間を定めて企業内に立ち上げられ,構成員を関連部門から招集し, 目的が達成された時点で解散する組織",2,"（解説なし）"
40,"技術戦略の策定や技術開発の推進といった技術経営に直接の責任をもつ役職はどれか。","ア CEO","イ CFO","ウ COO","エ CTO",4,"（解説なし）"
41,"システム開発の上流工程において, 業務プロセスのモデリングを行う目的として, 最も適切なものはどれか。","ア 業務プロセスで取り扱う大量のデータを, 統計的手法や AI 手法などを用いて分析し, データ間の相関関係や隠れたパターンなどを見いだすため","イ 業務プロセスを可視化することによって, 適切なシステム設計のベースとなる情報を整備し, 関係者間で解釈を共有できるようにするため","ウ 個々の従業員がもっている業務に関する知識・経験やノウハウを社内全体で共有し, 創造的なアイディアを生み出すため","エ プロジェクトに必要な要員を調達し, チームとして組織化して,プロジェクトの目的の達成に向けて一致団結させるため",2,"（解説なし）"
42,"企業の戦略立案やマーケティングなどで使用されるフェルミ推定に関する記述として,最も適切なものはどれか。","ア 正確に算出することが極めて難しい数量に対して, 把握している情報と論理的な思考プロセスによって概数を求める手法である。","イ 特定の集団と活動を共にしたり, 人々の動きを観察したりすることによって, 慣習や嗜好、地域や組織を取り巻く文化を類推する手法である。","ウ 入力データと出力データから,その因果関係を統計的に推定する手法である。","エ 有識者のグループに繰り返し同一のアンケート調査とその結果のフィードバックを行うことによって, ある分野の将来予測に関する総意を得る手法である。",1,"（解説なし）"
43,"不正競争防止法で規定されている限定提供データに関する記述として,最も適切なものはどれか。","ア 特定の第三者に対し, 1回に限定して提供する前提で保管されている技術上又は営業上の情報は限定提供データである。","イ 特定の第三者に提供する情報として電磁的方法によって相当量蓄積され管理されている技術上又は営業上の情報 (秘密として管理されているものを除く)は限定提供データである。","ウ 特定の第三者に提供するために, 金庫などで物理的に管理されている技術上又は営業上の情報は限定提供データである。","エ 不正競争防止法に定めのある営業秘密は限定提供データである。",2,"（解説なし）"
44,"品質に関する組織やプロセスの運営管理を標準化し, マネジメントの質や効率の向上を目的とした方策として, 適切なものはどれか。","ア ISMSの導入","イ ISO 9001の導入","ウ ITIL の導入","エ プライバシーマークの取得",2,"（解説なし）"
45,"AI に関するガイドラインの一つである“人間中心の AI 社会原則” に定められている七つの “AI 社会原則” のうち,“イノベーションの原則” に関する記述として, 最も適切なものはどれか。","ア AI の発展によって人も併せて進化するように, 国際化や多様化を推進し, 大学, 研究機関, 企業など, 官民における連携と, 柔軟な人材の移動を促進する。","イ AI の利用がもたらす結果については,問題の特性に応じて, AI の開発, 提供, 利用に携わった関係者が分担して責任を負う。","ウ サービスの提供者は, AI を利用している事実やデータの取得方法や使用方法, 結果の適切性について、 利用者に対する適切な説明を行う。","エ 情報弱者を生み出さないために, 幼児教育や初等中等教育において, AI 活用や情報リテラシーに関する教育を行う。",1,"（解説なし）"
46,"金融機関では,同一の顧客で複数の口座をもつ個人や法人について, 氏名又は法人名,生年月日又は設立年月日、電話番号、住所又は所在地などを手掛かりに集約し顧客ごとの預金の総額を正確に把握する作業が行われる。 このように顧客がもつ複数の口座を、顧客ごとに取りまとめて一元管理する手続を表す用語として, 最も適切なものはどれか。","ア アカウントアグリゲーション","イ キーマッピング","ウ 垂直統合","エ 名寄せ",4,"（解説なし）"
47,"ある商品の販売量と気温の関係が一次式で近似できるとき,予測した気温から商品の販売量を推定する手法として、 適切なものはどれか。","ア 回帰分析","イ 線形計画法","ウ デルファイ法","エ パレート分析",1,"（解説なし）"
48,"必要な時期に必要な量の原材料や部品を調達することによって, 工程間の在庫をできるだけもたないようにする生産方式はどれか。","ア BPO","イ CIM","ウ JIT","エ OEM",3,"（解説なし）"
49,"RPA が適用できる業務として, 最も適切なものはどれか。","ア ゲームソフトのベンダーが, ゲームソフトのプログラムを自動で改善する業務","イ 従業員の交通費精算で,交通機関利用区間情報と領収書データから精算伝票を作成する業務","ウ 食品加工工場で、 産業用ロボットを用いて冷凍食品を自動で製造する業務","エ 通信販売業で, 膨大な顧客の購買データから顧客の購買行動に関する新たな法則を見つける業務",2,"（解説なし）"
50,"技術開発戦略において作成されるロードマップを説明しているものはどれか。","ア 技術の競争力レベルと技術のライフサイクルを2軸としたマトリックス上に,自社の技術や新しい技術をプロットする。","イ 研究開発への投資とその成果を2軸とした座標上に, 技術の成長過程をグラフ化し, 旧技術から新技術への転換状況を表す。","ウ 市場面からの有望度と技術面からの有望度を2軸としたマトリックス上に, 技術開発プロジェクトをプロットする。","エ 横軸に時間, 縦軸に市場, 商品, 技術などを示し,研究開発成果の商品化, 事業化の方向性をそれらの要素間の関係で表す。",4,"（解説なし）"
51,"コーポレートガバナンスを強化した事例として, 最も適切なものはどれか。","ア 女性が活躍しやすくするために労務制度を拡充した。","イ 迅速な事業展開のために, 他社の事業を買収した。","ウ 独立性の高い社外取締役の人数を増やした。","エ 利益が得られにくい事業から撤退した。",3,"（解説なし）"
52,"ある銀行では, システムの接続仕様を外部に公開し、 あらかじめ契約を結んだ外部事業者のアクセスを認めることによって, 利便性の高い, 高度なサービスを展開しやすくしている。 このような取組を表す用語として,最も適切なものはどれか。","ア BPO","イ RPA","ウ オープン API","エ 技術経営",3,"（解説なし）"
53,"A 社では, 1千万円を投資して営業支援システムを再構築することを検討している。 現状の営業支援システムの運用費が5百万円/年, 再構築後の営業支援システムの運用費が4百万円/年、 再構築による新たな利益の増加が2百万円/年であるとき,この投資の回収期間は何年か。 ここで,これら以外の効果, 費用などは考慮しないものとし, 計算結果は小数点以下第2位を四捨ご入するものとする。","ア 2.5","イ 3.3","ウ 5.0","エ 10.0",2,"（解説なし）"
54,"あるソフトウェアは, 定額の料金や一定の期間での利用ができる形態で提供されている。この利用形態を表す用語として, 適切なものはどれか。","ア アクティベーション","イ アドウェア","ウ サブスクリプション","エ ボリュームライセンス",3,"（解説なし）"
55,"インターネットを介して個人や企業が保有する住宅などの遊休資産の貸出しを仲介するサービスや仕組みを表す用語として,最も適切なものはどれか。","ア シェアードサービス","イ シェアウェア","ウ シェアリングエコノミー","エ ワークシェアリング",3,"（解説なし）"
56,"A 社は RPA ソフトウェアを初めて導入するに当たり, 計画策定フェーズ, 先行導入フェーズ, 本格導入フェーズの3段階で進めようと考えている。 次のうち, 計画策定フェーズで実施する作業として,適切なものだけを全て挙げたものはどれか。 a RPAソフトウェアの適用可能性を見極めるための概念検証を実施する。 b RPAソフトウェアを全社展開するための導入と運用の手順書を作成する。 c 部門, 業務を絞り込んで RPAソフトウェアを導入し, 効果を実測する。","ア a","イ a, c","ウ b","エ b, c",1,"（解説なし）"
57,"史跡などにスマートフォンを向けると, 昔あった建物の画像や説明情報を現実の風景と重ねるように表示して,観光案内をできるようにした。 ここで活用した仕組みを表す用語として,最も適切なものはどれか。","ア AR","イ GUI","ウ VR","エ メタバース",1,"（解説なし）"
58,"データサイエンティストの役割に関する記述として, 最も適切なものはどれか。","ア 機械学習や統計などの手法を用いてビッグデータを解析することによって, ビジネスに活用するための新たな知見を獲得する。","イ 企業が保有する膨大なデータを高速に検索できるように, パフォーマンスの高いデータベースを運用するためのシステム基盤を構築する。","ウ 企業における情報システムに関するリスクを評価するために, 現場でのデータの取扱いや管理についての実態を調査する。","エ 企業や組織における安全な情報システムの企画、設計、開発、運用を, サイバーセキュリティに関する専門的な知識や技能を活用して支援する。",1,"（解説なし）"
59,"個人情報保護法では、 あらかじめ本人の同意を得ていなくても個人データの提供が許される行為を規定している。 この行為に該当するものだけを, 全て挙げたものはどれか。 a 事故で意識不明の人がもっていた本人の社員証を見て、搬送先の病院が本人の会社に電話してきたので, 総務の担当者が本人の自宅電話番号を教えた。 b 新規加入者を勧誘したいと保険会社の従業員に頼まれたので、総務の担当者が新入社員の名前と所属部門のリストを渡した。 c 不正送金等の金融犯罪被害者に関する個人情報を, 類似犯罪の防止対策を進める捜査機関からの法令に基づく要請に応じて, 総務の担当者が提供した。","ア a","イ a, c","ウ b, c","エ c",2,"（解説なし）"
60,"次の事例のうち, AI を導入することによって業務の作業効率が向上したものだけを全て挙げたものはどれか。 a 食品専門商社のA社が, 取引先ごとに様式が異なる手書きの請求書に記載された文字を自動で読み取ってデータ化することによって, 事務作業時間を削減した。 b 繊維製造会社のB社が,原材料を取引先に発注する定型的なPCの操作を自動化するツールを導入し、 事務部門の人員を削減した。 c 損害保険会社のC社が,自社のコールセンターへの問合せに対して, オペレーターにつなげる前に音声チャットボットでヒアリングを行うことによって,オペレーターの対応時間を短縮した。 d 物流会社のD社が, 配送荷物に電子タグを装着して出荷時に配送先を電子タグに書き込み、配送時にそれを確認することによって, 誤配送を削減した。","ア a, c","イ b, c","ウ b, d","エ c, d",1,"（解説なし）"
61,"ある企業が, 顧客を引き付ける優れた UX (User Experience) やビジネスモデルをデジタル技術によって創出し, 業界における従来のサービスを駆逐してしまうことによって,その業界の既存の構造が破壊されるような現象を表す用語として、最も適切なものはどれか。","ア デジタルサイネージ","イ デジタルディスラプション","ウ デジタルディバイド","エ デジタルトランスフォーメーション",2,"（解説なし）"
62,"上司から自社の当期の損益計算書を渡され, “我が社の収益性分析をしなさい” と言われた。経営に関する指標のうち、この損益計算書だけから計算できるものだけを全て挙げたものはどれか。 a 売上高増加率 b 売上高利益率 c 自己資本利益率","ア a","イ a, b","ウ a, b, c","エ b",4,"（解説なし）"
63,"顧客との個々のつながりを意識して情報を頻繁に更新する SNS などのシステムとは異なり, 会計システムのように高い信頼性と安定稼働が要求される社内情報を扱うシステムの概念を示す用語として, 最も適切なものはどれか。","ア IoT (Internet of Things)","イ PoC (Proof of Concept)","ウ SoE (Systems of Engagement)","エ SoR (Systems of Record)",4,"（解説なし）"
64,"労働者派遣における派遣労働者の雇用関係に関する記述のうち, 適切なものはどれか。","ア 派遣先との間に雇用関係があり, 派遣元との間には存在しない。","イ 派遣元との間に雇用関係があり, 派遣先との間には存在しない。","ウ 派遣元と派遣先のいずれの間にも雇用関係が存在する。","エ 派遣元と派遣先のいずれの間にも雇用関係は存在しない。",2,"（解説なし）"
65,"次の記述のうち, 業務要件定義が曖昧なことが原因で起こり得る問題だけを全て挙げたものはどれか。 a 企画プロセスでシステム化構想がまとまらず, システム化の承認を得られない。 b コーディングのミスによって, システムが意図したものと違う動作をする。 c システムの開発中に仕様変更による手戻りが頻発する。 d システムを受け入れるための適切な受入れテストを設計できない。","ア a, b","イ b, c","ウ b, d","エ c, d",4,"（解説なし）"
66,"顧客の特徴に応じたきめ細かい対応を行うことによって, 顧客と長期的に良好な関係を築き, 顧客満足度の向上や取引関係の継続につなげる仕組みを構築したい。 その仕組みの構成要素の一つとして、営業活動で入手した顧客に関する属性情報や顧客との交渉履歴などを蓄積し, 社内で共有できるシステムを導入することにした。 この目的を達成できるシステムとして,最も適切なものはどれか。","ア CAE システム","イ MRP システム","ウ SCM システム","エ SFA システム",4,"（解説なし）"
67,"実用新案に関する記述として, 最も適切なものはどれか。","ア 今までにない製造方法は, 実用新案の対象となる。","イ 自然法則を利用した技術的思想の創作で高度なものだけが、 実用新案の対象となる。","ウ 新規性の審査に合格したものだけが実用新案として登録される。","エ 複数の物品を組み合わせて考案した新たな製品は, 実用新案の対象となる。",4,"（解説なし）"
68,"著作権及び特許権に関する記述 a ~c のうち, 適切なものだけを全て挙げたものはどれか。 a 偶然二つの同じようなものが生み出された場合、 発明に伴う特許権は両方に認められるが,著作権は一方の著作者にだけ認められる。 b ソフトウェアの場合, 特許権も著作権もソースプログラムリストに対して認められる。 c 特許権の取得には出願と登録が必要だが, 著作権は出願や登録の必要はない。","ア a, b","イ b","ウ b, c","エ c",4,"（解説なし）"
69,"年齢,性別, 家族構成などによって顧客を分類し, それぞれのグループの購買行動を分析することによって, 集中すべき顧客層を絞り込むマーケティング戦略として,最も適切なものはどれか。","ア サービスマーケティング","イ セグメントマーケティング","ウ ソーシャルマーケティング","エ マスマーケティング",2,"（解説なし）"
70,"ゲーム機, 家電製品などに搭載されている, ハードウェアの基本的な制御を行うためのソフトウェアはどれか。","ア グループウェア","イ シェアウェア","ウ ファームウェア","エ ミドルウェア",3,"（解説なし）"
71,"ITの活用によって, 個人の学習履歴を蓄積, 解析し, 学習者一人一人の学習進行度や理解度に応じて最適なコンテンツを提供することによって, 学習の効率と効果を高める仕組みとして, 最も適切なものはどれか。","ア アダプティブラーニング","イ タレントマネジメント","ウ ディープラーニング","エ ナレッジマネジメント",1,"（解説なし）"
72,"NDA に関する記述として, 最も適切なものはどれか。","ア 企業などにおいて, 情報システムへの脅威の監視や分析を行う専門組織","イ 契約当事者がもつ営業秘密などを特定し, 相手の秘密情報を管理する意思を合意する契約","ウ 提供するサービス内容に関して, サービスの提供者と利用者が合意した,客観的な品質基準の取決め","エ プロジェクトにおいて実施する作業を細分化し, 階層構造で整理したもの",2,"（解説なし）"
73,"自社開発した技術の特許化に関する記述 a ~c のうち, 直接的に得られることが期待できる効果として、 適切なものだけを全て挙げたものはどれか。 a 当該技術に関連した他社とのアライアンスの際に, 有利な条件を設定できる。 b 当該技術の開発費用の一部をライセンスによって回収できる。 c 当該技術を用いた商品や事業に対して, 他社の参入を阻止できる。","ア a","イ a, b","ウ a,b,c","エ b, c",3,"（解説なし）"
74,"業務と情報システムを最適にすることを目的に、 例えばビジネス, データ, アプリケーション及び技術の四つの階層において,まず現状を把握し, 目標とする理想像を設定する。 次に現状と理想との乖離を明確にし, 目標とする理想像に向けた改善活動を移行計画として定義する。 このような最適化の手法として, 最も適切なものはどれか。","ア BI (Business Intelligence)","イ EA (Enterprise Architecture)","ウ MOT (Management of Technology)","エ SOA (Service Oriented Architecture)",2,"（解説なし）"
75,"ある業務システムの再構築に関して, 複数のベンダにその新システムの実現イメージの提出を求めるRFI を予定している。 その際、 同時にベンダからの提出を求める情報として適切なものはどれか。","ア 現行システムの概要","イ システム再構築の狙い","ウ 新システムに求める要件","エ 適用可能な技術とその動向",4,"（解説なし）"
76,"不適切な行為 a ~c のうち, 不正アクセス禁止法において規制されている行為だけを全て挙げたものはどれか。 a 他人の電子メールの利用者IDとパスワードを, 正当な理由なく本人に無断で第三者に提供する。 b 他人の電子メールの利用者IDとパスワードを本人に無断で使用して,ネットワーク経由でメールサーバ上のその人の電子メールを閲覧する。 c メールサーバにアクセスできないよう, 電子メールの利用者IDとパスワードを無効にするマルウェアを作成する。","ア a, b","イ a,b,c","ウ b","エ b, c",1,"（解説なし）"
77,"特許戦略を策定する上で重要な “特許ポートフォリオ” について述べたものはどれか。","ア 企業が保有や出願している特許を,事業への貢献や特許間のシナジー,今後適用が想定される分野などを分析するためにまとめたもの","イ 技術イノベーションが発生した当初は特許出願が多くなる傾向だが, 市場に支配的な製品の出現によって工程イノベーションにシフトし, 特許出願が減少すること","ウ 自社製品のシェアと市場の成長率を軸にしたマトリックスに, 市場における自社や競争相手の位置付けを示したもの","エ 複数の特許権者同士が, それぞれの保有する特許の実施権を相互に許諾すること",1,"（解説なし）"
78,"クラウドファンディングは, 資金提供の形態や対価の受領の仕方の違いによって,貸付型, 寄付型, 購入型, 投資型などの種類に分けられる。 A社は新規事業の資金調達を行うために, クラウドファンディングを通じて資金提供者と匿名組合契約を締結し、利益の一部を配当金として資金提供者に支払うことにした。 A 社が利用したクラウドファンディングの種類として, 最も適切なものはどれか。","ア 貸付型クラウドファンディング","イ 寄付型クラウドファンディング","ウ 購入型クラウドファンディング","エ 投資型クラウドファンディング",4,"（解説なし）"
79,"情報公開法に基づいて公開請求することができる文書として, 適切なものはどれか。","ア 国会などの立法機関が作成, 保有する立法文書","イ 最高裁判所などの司法機関が作成, 保有する司法文書","ウ 証券取引所に上場している企業が作成, 保有する社内文書","エ 総務省などの行政機関が作成, 保有する行政文書",4,"（解説なし）"
80,"市販のソフトウェアパッケージなどにおけるライセンス契約の一つであるシュリンクラップ契約に関する記述として, 最も適切なものはどれか。","ア ソフトウェアパッケージの包装を開封してしまうと, 使用許諾条件を理解していなかったとしても, 契約は成立する。","イ ソフトウェアパッケージの包装を開封しても,一定期間内であれば, 契約を無効にできる。","ウ ソフトウェアパッケージの包装を開封しても、 購入から一定期間ソフトウェアの利用を開始しなければ, 契約は無効になる。","エ ソフトウェアパッケージの包装を開封しなくても、 購入から一定期間が経過すると, 契約は成立する。",1,"（解説なし）"
81,"マイナンバーに関する説明のうち, 適切なものはどれか。","ア 海外居住者を含め、日本国籍を有する者だけに付与される。","イ 企業が従業員番号として利用しても構わない。","ウ 申請をすれば, 希望するマイナンバーを取得できる。","エ 付与されたマイナンバーを, 自由に変更することはできない。",4,"（解説なし）"
82,"BYOD の事例として、適切なものはどれか。","ア 会社から貸与されたスマートフォンを業務中に私的に使用する。","イ 会社から貸与されたスマートフォンを業務で使用する。","ウ 会社が利用を許可した私物のスマートフォンを業務で使用する。","エ 私物のスマートフォンを業務中に私的に使用する。",3,"（解説なし）"
83,"インダストリー4.0から顕著になった取組に関する記述として, 最も適切なものはどれか。","ア 顧客ごとに異なる個別仕様の製品の, 多様な IT によるコスト低減と短納期での提供","イ 蒸気機関という動力を獲得したことによる, 軽工業における, 手作業による製品の生産から、工場制機械工業による生産への移行","ウ 製造工程のコンピュータ制御に基づく自動化による, 大量生産品の更なる低コストでの製造","エ 動力の電力や石油への移行とともに, 統計的手法を使った科学的生産管理による,同一規格の製品のベルトコンベア方式での大量生産",1,"（解説なし）"
84,"製造販売業A社は, バランススコアカードの考え方を用いて戦略テーマを設定した。業務プロセス (内部ビジネスプロセス) の視点に基づく戦略テーマとして、最も適切なものはどれか。","ア 売上高の拡大","イ 顧客ロイヤルティの拡大","ウ 従業員の技術力強化","エ 部品の共有化比率の向上",4,"（解説なし）"
85,"あるデータを表現するために, 1個の JANコードか1個のQRコードのどちらかの利用を検討する。 表現できる最大のデータ量の大きい方を採用する場合, 検討結果として、適切なものはどれか。","ア JANコードを採用する。","イ QRコードを採用する。","ウ 表現する内容によって最大のデータ量は変化するので決められない。","エ 表現できる最大のデータ量は同じなので決められない。",2,"（解説なし）"
86,"政府が定める “人間中心の AI 社会原則” では、三つの価値を理念として尊重し、その実現を追求する社会を構築していくべきとしている。 実現を追求していくべき社会の姿だけを全て挙げたものはどれか。 a 持続性ある社会 b 多様な背景を持つ人々が多様な幸せを追求できる社会 c 人間があらゆる労働から解放される社会 d 人間の尊厳が尊重される社会","ア a, b, c","イ a, b, d","ウ a,c,d","エ b, c, d",2,"（解説なし）"
87,"SCM システムを構築する目的はどれか。","ア 企業のもっている現在の強み、弱みを評価し, その弱みを補完するために,どの企業と提携すればよいかを決定する。","イ 商品の生産から消費に関係する部門や企業の間で、商品の生産,在庫, 販売などの情報を相互に共有して管理することによって, 商品の流通在庫の削減や顧客満足の向上を図る。","ウ 顧客に提供する価値が調達, 開発, 製造, 販売, サービスといった一連の企業活動のどこで生み出されているのかを明確化する。","エ 多種類の製品を生産及び販売している企業が, 利益を最大化するために, 最も効率的・効果的となる製品の製造・販売の組合せを決定する。",2,"（解説なし）"
88,"オプトアウトに関する記述として,最も適切なものはどれか。","ア SNS の事業者が, お知らせメールの配信を希望した利用者だけに, 新機能を紹介するメールを配信した。","イ 住宅地図の利用者が, 地図上の自宅の位置に自分の氏名が掲載されているのを見つけたので,住宅地図の作製業者に連絡して、掲載を中止させた。","ウ 通信販売の利用者が, Web サイトで商品を購入するための操作を進めていたが,決済の手続が面倒だったので,画面を閉じて購入を中止した。","エ ドラッグストアの事業者が, 販売予測のために顧客データを分析する際に,氏名や住所などの情報をランダムな値に置き換え, 顧客を特定できないようにした。",2,"（解説なし）"
89,"教師あり学習の事例に関する記述として,最も適切なものはどれか。","ア 衣料品を販売するサイトで, 利用者が気に入った服の画像を送信すると、 画像の特徴から利用者の好みを自動的に把握し, 好みに合った商品を提案する。","イ 気温, 天候, 積雪, 風などの条件を与えて、 あらかじめ準備しておいたルールベースのプログラムによって, ゲレンデの状態がスキーに適しているか判断する。","ウ 麺類の山からアームを使って一人分を取り, 容器に盛り付ける動作の訓練を繰り返したロボットが, 弁当の盛り付けを上手に行う。","エ 録音された乳児の泣き声と, 泣いている原因から成るデータを収集して入力することによって, 乳児が泣いている原因を泣き声から推測する。",4,"（解説なし）"
90,"ad のうち, 業務プロセスの改善に当たり, 業務プロセスを表記するために用いられる図表だけを全て挙げたものはどれか。 a DFD b アクティビティ図 c パレート図 d レーダチャート","ア a, b","イ a, c","ウ b, d","エ c, d",1,"（解説なし）"
91,"自社が保有していない技術やノウハウを,他社から短期間で補完するための手段として,適切なものはどれか。","ア BPR","イ アライアンス","ウ インキュベーション","エ ベンチマーキング",2,"（解説なし）"
92,"個人情報保護法で定められた, 特に取扱いに配慮が必要となる “要配慮個人情報”に該当するものはどれか。","ア 学歴","イ 国籍","ウ 資産額","エ 信条",4,"（解説なし）"
93,"マネーロンダリングの対策に関する記述として, 最も適切なものはどれか。","ア 金融取引に当たり 口座開設時の取引目的や本人確認を徹底し, 資金の出所が疑わしい取引かどうかを監視する。","イ 紙幣の印刷に当たり, コピー機では再現困難な文字や線, 傾けることによって絵が浮かび上がるホログラムなどの技術を用いて, 複製を困難にする。","ウ 税金の徴収に当たり,外国にある子会社の利益を本国の親会社に配当されたものとみなして, 本国で課税する。","エ 投資に当たり,安全性や収益性などの特徴が異なる複数の金融商品を組み合わせることによって,一つの事象によって損失が大きくなるリスクを抑える。",1,"（解説なし）"
94,"営業利益を求める計算式はどれか。","ア (売上高) - (売上原価)","イ (売上総利益) - (販売費及び一般管理費)","ウ (経常利益) + (特別利益) - (特別損失)","エ (税引前当期純利益) - (法人税、住民税及び事業税)",2,"（解説なし）"
95,"コールセンタの顧客サービスレベルを改善するために, 顧客から寄せられたコールセンタ対応に関する苦情を分類集計する。 苦情の多い順に, 件数を棒グラフ, 累積百分率を折れ線グラフで表し, 対応の優先度を判断するのに適した図はどれか。","ア PERT 図","イ 管理図","ウ 特性要因図","エ パレート図",4,"（解説なし）"
96,"IT 機器やソフトウェア, 情報などについて,利用者の身体の特性や能力の違いなどをかかわらず, 様々な人が同様に操作, 入手, 利用できる状態又は度合いを表す用語として,最も適切なものはどれか。","ア アクセシビリティ","イ スケーラビリティ","ウ ダイバーシティ","エ トレーサビリティ",1,"（解説なし）"
97,"あるオンラインサービスでは、 新たに作成したデザインと従来のデザインのWebサイトを実験的に並行稼働し, どちらの Web サイトの利用者がより有料サービスの申込みに至りやすいかを比較, 検証した。 このとき用いた手法として, 最も適切なものはどれか。","ア A/Bテスト","イ ABC 分析","ウ クラスタ分析","エ リグレッションテスト",1,"（解説なし）"
98,"あるコールセンタでは, AI を活用した業務改革の検討を進めて, 導入するシステムを絞り込んだ。 しかし, 想定している効果が得られるかなど不明点が多いので、試行して実現性の検証を行うことにした。 このような検証を何というか。","ア IoT","イ PoC","ウ SoE","エ SOR",2,"（解説なし）"
99,"E-R 図を使用してデータモデリングを行う理由として,適切なものはどれか。","ア 業務上でのデータのやり取りを把握し, ワークフローを明らかにする。","イ 現行業務でのデータの流れを把握し, 業務遂行上の問題点を明らかにする。","ウ 顧客や製品といった業務の管理対象間の関係を図示し, その業務上の意味を明らかにする。","エ データ項目を詳細に検討し, データベースの実装方法を明らかにする。",3,"（解説なし）"
100,"国際標準化機関に関する記述のうち, 適切なものはどれか。","ア ICANN は, 工業や科学技術分野の国際標準化機関である。","イ IEC は, 電子商取引分野の国際標準化機関である。","ウ IEEE は,会計分野の国際標準化機関である。","エ ITU は,電気通信分野の国際標準化機関である。",4,"（解説なし）"
101,"人間の脳神経の仕組みをモデルにして, コンピュータプログラムで模したものを表す用語はどれか。","ア ソーシャルネットワーク","イ デジタルトランスフォーメーション","ウ ニューラルネットワーク","エ ブレーンストーミング",3,"（解説なし）"
102,"エンタープライズサーチの説明として, 最も適切なものはどれか。","ア 企業内の様々なシステムに蓄積されている定型又は非定型なデータを一元的に検索するための仕組み","イ 自然言語処理を実現するための基礎データとなる, 電子化された大量の例文データベース","ウ 写真や書類などを光学的に読み取り, ディジタルデータ化するための画像入力装置","エ 情報システムや業務プロセスの現状を把握し, あるべき企業の姿とのギャップを埋めるための目標を設定し、 全体最適化を図ること",1,"（解説なし）"
103,"クラウドコンピューティングの説明として, 最も適切なものはどれか。","ア システム全体を管理する大型汎用機などのコンピュータに,データを一極集中させて処理すること","イ 情報システム部門以外の人が自らコンピュータを操作し, 自分や自部門の業務に役立てること","ウ ソフトウェアやハードウェアなどの各種リソースを, インターネットなどのネットワークを経由して, オンデンドでスケーラブルに利用すること","エ ネットワークを介して, 複数台のコンピュータに処理を分散させ, 処理結果を共有すること",3,"（解説なし）"
104,"インターネットに接続できる機能が搭載されており,車載センサで計測した情報をサーバへ送信し, そのサーバから運転に関する情報のフィードバックを受けて運転の支援などに活用することができる自動車を表す用語として, 最も適切なものはどれか。","ア カーシェアリング","イ カーナビゲーションシステム","ウ コネクテッドカー","エ 電気自動車",3,"（解説なし）"
105,"著作権法によって保護の対象と成り得るものだけを, 全て挙げたものはどれか。 a インターネットに公開されたフリーソフトウェア b データベースの操作マニュアル c プログラム言語 d プログラムのアルゴリズム","ア a, b","イ a, d","ウ b, c","エ c, d",1,"（解説なし）"
106,"画期的な製品やサービスが消費者に浸透するに当たり,イノベーションへの関心や活用の時期によって消費者をアーリーアダプタ, アーリーマジョリティ,イノベータ, ラガード, レイトマジョリティの五つのグループに分類することができる。このうち, 活用の時期が2番目に早いグループとして位置付けられ, イノベーションの価値を自ら評価し, 残る大半の消費者に影響を与えるグループはどれか。","ア アーリーアダプタ","イ アーリーマジョリティ","ウ イノベータ","エ ラガード",1,"（解説なし）"
107,"不適切な行為 a ~c のうち, 不正競争防止法で規制されているものだけを全て挙げたものはどれか。 a キャンペーンの応募者の個人情報を, 応募者に無断で他の目的のために利用する行為 b 他人の ID とパスワードを不正に入手し, それらを使用してインターネット経由でコンピュータにアクセスする行為 c 不正な利益を得ようとして、他社の商品名や社名に類似したドメイン名を使用する行為","ア a","イ a,c","ウ b","エ c",4,"（解説なし）"
108,"技術ロードマップの説明として、 適切なものはどれか。","ア カーナビゲーションシステムなどに用いられている最短経路の探索機能の実現に必要な技術を示したもの","イ 業務システムの開発工程で用いるソフトウェア技術の一覧を示したもの","ウ 情報システム部門の人材が習得すべき技術をキャリアとともに示したもの","エ 対象とする分野において, 実現が期待されている技術を時間軸とともに示したもの",4,"（解説なし）"
109,"RPA (Robotic Process Automation) の特徴として, 最も適切なものはどれか。","ア 新しく設計した部品を少ロットで試作するなど, 工場での非定型的な作業に適している。","イ 同じ設計の部品を大量に製造するなど, 工場での定型的な作業に適している。","ウ システムエラー発生時に、状況に応じて実行する処理を選択するなど, PC で実施する非定型的な作業に適している。","エ 受注データの入力や更新など, PC で実施する定型的な作業に適している。",4,"（解説なし）"
110,"労働者派遣に関する記述 a ~c のうち, 適切なものだけを全て挙げたものはどれか。 a 派遣契約の種類によらず, 派遣労働者の選任は派遣先が行う。 b 派遣労働者であった者を, 派遣元との雇用期間が終了後, 派遣先が雇用してもよい。 c 派遣労働者の給与を派遣先が支払う。","ア a","イ a, b","ウ b","エ b, c",3,"（解説なし）"
111,"FinTech の事例として, 最も適切なものはどれか。","ア 銀行において, 災害や大規模障害が発生した場合に勘定系システムが停止することがないように,障害発生時には即時にバックアップシステムに切り替える。","イ クレジットカード会社において, 消費者がクレジットカードの暗証番号を規定回数連続で間違えて入力した場合に, クレジットカードを利用できなくなるようにする。","ウ 証券会社において, 顧客がPCの画面上で株式売買を行うときに, 顧客に合った投資信託を提案したり自動で資産運用を行ったりする, ロボアドバイザのサービスを提供する。","エ 損害保険会社において, 事故の内容や回数に基づいた等級を設定しておき, インターネット自動車保険の契約者ごとに, 1年間の事故履歴に応じて等級を上下させるとともに, 保険料を変更する。",3,"（解説なし）"
112,"ソフトウェアライフサイクルを, 企画プロセス, 要件定義プロセス, 開発プロセス,運用プロセスに分けるとき, システム化計画を踏まえて、利用者及び他の利害関係者が必要とするシステムの機能を明確にし, 合意を形成するプロセスはどれか。","ア 企画プロセス","イ 要件定義プロセス","ウ 開発プロセス","エ 運用プロセス",2,"（解説なし）"
113,"A 社の情報システム部門は, B社のソフトウェアパッケージを活用して、営業部門が利用する営業支援システムを構築することにした。 構築に合わせて, EUC (End User Computing) を推進するとき, 業務データの抽出や加工, 統計資料の作成などの運用を行う組織として, 最も適切なものはどれか。","ア A社の営業部門","イ A社の情報システム部門","ウ B社のソフトウェアパッケージ開発部門","エ B社のソフトウェアパッケージ導入担当部門",1,"（解説なし）"
114,"マーチャンダイジングの説明として、適切なものはどれか。","ア 消費者のニーズや欲求、購買動機などの基準によって全体市場を幾つかの小さな市場に区分し、 標的とする市場を絞り込むこと","イ 製品の出庫から販売に至るまでの物の流れを統合的に捉え, 物流チャネル全体を効果的に管理すること","ウ 店舗などにおいて, 商品やサービスを購入者のニーズに合致するような形態で提供するために行う一連の活動のこと","エ 配送コストの削減と、消費者への接触頻度増加によるエリア密着性向上を狙って,同一エリア内に密度の高い店舗展開を行うこと",3,"（解説なし）"
115,"プロバイダが提供したサービスにおいて発生した事例 a〜c のうち, プロバイダ責任制限法によって,プロバイダの対応責任の対象となり得るものだけを全て挙げたものはどれか。 a 氏名などの個人情報が電子掲示板に掲載されて、 個人の権利が侵害された。 b 受信した電子メールの添付ファイルによってマルウェアに感染させられた。 c 無断で利用者 ID とパスワードを使われて, ショッピングサイトにアクセスされた。","ア a","イ a,b,c","ウ a, c","エ c",1,"（解説なし）"
116,"戦略目標の達成状況を評価する指標には、 目標達成のための手段を評価する先行指標と目標達成度を評価する結果指標の二つがある。 戦略目標が “新規顧客の開拓” であるとき, 先行指標として適切なものはどれか。","ア 売上高増加額","イ 新規契約獲得率","ウ 総顧客増加率","エ 見込み客訪問件数",4,"（解説なし）"
117,"ビッグデータの分析に関する記述として, 最も適切なものはどれか。","ア 大量のデータから未知の状況を予測するためには, 統計学的な分析手法に加え,機械学習を用いた分析も有効である。","イ テキストデータ以外の, 動画や画像, 音声データは, 分析の対象として扱うことができない。","ウ 電子掲示板のコメントや SNS のメッセージ, Web サイトの検索履歴など, 人間の発信する情報だけが, 人間の行動を分析することに用いられる。","エ ブログの書き込みのような, 分析されることを前提としていないデータについては,分析の目的にかかわらず, 対象から除外する。",1,"（解説なし）"
118,"画像認識システムにおける機械学習の事例として, 適切なものはどれか。","ア オフィスのドアの解錠に虹彩の画像による認証の仕組みを導入することによって, セキュリティが強化できるようになった。","イ 果物の写真をコンピュータに大量に入力することで,コンピュータ自身が果物の特徴を自動的に抽出することができるようになった。","ウ スマートフォンが他人に利用されるのを防止するために, 指紋の画像認識でロック解除できるようになった。","エ ヘルプデスクの画面に, システムの使い方についての問合せを文字で入力すると、 会話形式で応答を得ることができるようになった。",2,"（解説なし）"
119,"ABC分析の事例として, 適切なものはどれか。","ア 顧客の消費行動を, 時代, 年齢, 世代の三つの観点から分析する。","イ 自社の商品を, 売上高の高い順に三つのグループに分類して分析する。","ウ マーケティング環境を, 顧客, 競合、自社の三つの観点から分析する。","エ リピート顧客を, 最新購買日, 購買頻度, 購買金額の三つの観点から分析する。",2,"（解説なし）"
120,"業務パッケージを活用したシステム化を検討している。 情報システムのライフサイクルを,システム化計画プロセス, 要件定義プロセス, 開発プロセス, 保守プロセスに分けたとき,システム化計画プロセスで実施する作業として, 最も適切なものはどれか。","ア 機能,性能、価格などの観点から業務パッケージを評価する。","イ 業務パッケージの標準機能だけでは実現できないので、追加開発が必要なシステム機能の範囲を決定する。","ウ システム運用において発生した障害に関する分析, 対応を行う。","エ システム機能を実現するために必要なパラメタを業務パッケージに設定する。",1,"（解説なし）"
121,"プロダクトポートフォリオマネジメントは、 企業の経営資源を最適配分するために使用する手法であり, 製品やサービスの市場成長率と市場におけるシェアから,その戦略的な位置付けを四つの領域に分類する。 市場シェアは低いが急成長市場にあり、将来の成長のために多くの資金投入が必要となる領域はどれか。","ア 金のなる木","イ 花形","ウ 負け犬","エ 問題児",4,"（解説なし）"
122,"テレワークに関する記述として, 最も適切なものはどれか。","ア ITを活用した,場所や時間にとらわれない柔軟な働き方のこと","イ ある業務に対して従来割り当てていた人数を増員し 業務を細分化して配分すること","ウ 個人が所有する PCやスマートデバイスなどの機器を, 会社が許可を与えた上でオフィスでの業務に利用させること","エ 仕事の時間と私生活の時間の調和に取り組むこと",1,"（解説なし）"
123,"暗号資産に関する記述として, 最も適切なものはどれか。","ア 暗号資産交換業の登録業者であっても,利用者の情報管理が不適切なケースがあるるので,登録が無くても信頼できる業者を選ぶ。","イ 暗号資産の価格変動には制限が設けられているので,価値が急落したり, 突然無価値になるリスクは考えなくてよい。","ウ 暗号資産の利用者は, 暗号資産交換業者から契約の内容などの説明を受け, 取引内容やリスク, 手数料などについて把握しておくとよい。","エ 金融庁や財務局などの官公署は, 安全性が優れた暗号資産の情報提供を行っているので, 官公署の職員から勧められた暗号資産を主に取引する。",3,"（解説なし）"
124,"企業の人事機能の向上や, 働き方改革を実現することなどを目的として, 人事評価や人材採用などの人事関連業務に, AI や IoT といった IT を活用する手法を表す用語として,最も適切なものはどれか。","ア e-ラーニング","イ FinTech","ウ HRTech","エ コンピテンシ",3,"（解説なし）"
125,"BYOD の事例として、 適切なものはどれか。","ア 大手通信事業者から回線の卸売を受け, 自社ブランドの通信サービスを開始した。","イ ゴーグルを通してあたかも現実のような映像を見せることで, ゲーム世界の臨場感を高めた。","ウ 私物のスマートフォンから会社のサーバにアクセスして、電子メールやスケジューラを利用することができるようにした。","エ 図書館の本に ICタグを付け, 簡単に蔵書の管理ができるようにした。",3,"（解説なし）"
126,"粗利益を求める計算式はどれか。","ア (売上高) - (売上原価)","イ (営業利益) + (営業外収益) - (営業外費用)","ウ (経常利益) + (特別利益) - (特別損失 )","エ (税引前当期純利益)−(法人税、住民税及び事業税)",1,"（解説なし）"
127,"情報の取扱いに関する不適切な行為 a~c のうち, 不正アクセス禁止法で定められている禁止行為に該当するものだけを全て挙げたものはどれか。 a オフィス内で拾った手帳に記載されていた他人の利用者 ID とパスワードを無断で使って, 自社のサーバにネットワークを介してログインし, 格納されていた人事評価情報を閲覧した。 b 同僚が席を離れたときに, 同僚の PC の画面に表示されていた, 自分にはアクセスする権限のない人事評価情報を閲覧した。 c 部門の保管庫に保管されていた人事評価情報が入ったUSBメモリを上司に無断で持ち出し, 自分のPCで人事評価情報を閲覧した。","ア a","イ a, b","ウ a, b, c","エ a, c",1,"（解説なし）"
128,"API エコノミーに関する記述として, 最も適切なものはどれか。","ア インターネットを通じて, 様々な事業者が提供するサービスを連携させて, より付加価値の高いサービスを提供する仕組み","イ 著作権者がインターネットなどを通じて, ソフトウェアのソースコードを無料公開する仕組み","ウ 定型的な事務作業などを, ソフトウェアロボットを活用して効率化する仕組み","エ 複数のシステムで取引履歴を分散管理する仕組み",1,"（解説なし）"
129,"ac のうち, サイバーセキュリティ基本法に規定されているものだけを全て挙げたものはどれか。 a サイバーセキュリティに関して, 国や地方公共団体が果たすべき責務 b サイバーセキュリティに関して, 国民が努力すべきこと c サイバーセキュリティに関する施策の推進についての基本理念","ア a, b","イ a,b,c","ウ a, c","エ b, c",2,"（解説なし）"
130,"コンピュータシステム開発の外部への発注において, 発注金額の確定後に請負契約を締結した。契約後, 支払までに発注側と受注側の間で交わされる書類の組合せのうち, 適切なものはどれか。 ここで, 契約内容の変更はないものとする。","ア 提案書、納品書, 検収書","イ 提案書,見積書,請求書","ウ 納品書, 検収書, 請求書","エ 見積書,納品書,請求書",3,"（解説なし）"
131,"SCM の導入による業務改善の事例として,最も適切なものはどれか。","ア インターネットで商品を購入できるようにしたので, 販売チャネルの拡大による売上増が見込めるようになった。","イ 営業担当者がもっている営業情報や営業ノウハウをデータベースで管理するようにしたので,それらを営業部門全体で共有できるようになった。","ウ ネットワークを利用して売上情報を製造元に伝達するようにしたので, 製造元が製品をタイムリーに生産し,供給できるようになった。","エ 販売店の売上データを本部のサーバに集めるようにしたので、 年齢別や性別の販売トレンドの分析ができるようになった。",3,"（解説なし）"
132,"ある製造業では、後工程から前工程への生産指示や, 前工程から後工程への部品を引き渡す際の納品書として,部品の品番などを記録した電子式タグを用いる生産方式を採用している。 サプライチェーンや内製におけるジャストインタイム生産方式の一つであるこのような生産方式として,最も適切なものはどれか。","ア かんばん方式","イ クラフト生産方式","ウ セル生産方式","エ 見込み生産方式",1,"（解説なし）"
